Título da notícia,data da notícia,Resumo da notícia
AliExpress: Barra de Som Bluetooth para PC sai a 57% off,4 de julho de 2023 @ 19:03,"
A Barra de Som Bluetooth para PC, da Redragon, é a escolha perfeita para você que busca som imersivo e de alta qualidade para o seu computador. Com um desconto incrível de 57% no AliExpress, você a adquire por um…
"
Galaxy Watch funciona pior em quem é tatuado – mas Samsung quer mudar isso,4 de julho de 2023 @ 18:45,"
Detecção de uso do Galaxy Watch 5 deve melhorar com uma atualização no segundo semestre deste ano
"
“Barbie” ou “Oppenheimer”? Tom Cruise responde qual filme verá primeiro,4 de julho de 2023 @ 18:29,"
As duas grandes estreias de julho acontecem no dia 20, o que vai obrigar os fãs da sétima arte - incluindo Cruise - a escolher qual vão priorizar
"
Amazon oferta o Smartwatch Amazfit GTS 4 Mini; confira,4 de julho de 2023 @ 18:09,"
O Smartwatch Amazfit GTS 4 Mini é opção de relógio inteligente completa e está hoje com preço especial nas ofertas Prime Day Amazon, saindo por R$ 599,99
"
Estudo mostra que se perde até 20% de tempo com problemas no computador,4 de julho de 2023 @ 17:49,"
Dificuldades em solucionar problemas no computador são as mesmas de 15 atrás. É o que sugere este estudo dinamarquês
"
Diretora de “Barbie” recusou efeitos especiais para elenco ficar com pé de boneca,4 de julho de 2023 @ 17:29,"
No trailer, Margot Robbie deixa seus pés arqueados mesmo após tirar seus sapatos de salto alto - assim como as bonecas da Mattel na vida real
"
Prime Day: fone de ouvido I2GO está 48% off saindo por R$ 130,4 de julho de 2023 @ 17:09,"
Fone de ouvido tem autonomia de 3 horas, drives de 6 mm, além de estojo com display da bateria restante. Compre agora
"
"Fóssil de preguiça gigante com feto foi achado em Minas Gerais, diz pesquisador",4 de julho de 2023 @ 16:49,"
Cástor Guerra, do Museu de Ciências Naturais da PUC Minas, demorou 40 anos para concluir a pesquisa e revelar a rara descoberta
"
Amazon: carregador duplo Apple MagSafe com 10% desconto,4 de julho de 2023 @ 16:33,"
MagSafe permite recarregar seu iPhone, Apple Watch, estojo de recarga sem fio para AirPods e outros aparelhos padrão Qi. Saiba mais
"
"Brasil ainda tem 10 milhões de analfabetos, diz IBGE: plano era erradicar em 2024",4 de julho de 2023 @ 16:17,"
Taxa de analfabetos no Brasil caiu para 5,6% em 2022. Maioria que não sabe ler e escrever é de idosos, pretos e pardos, mostram dados do IBGE
"
